Area,Precio,Ubicacion,Ubicaion_2,Descripcion,Descripción_larga
 452 m² ,"MN 3,840,000","Fraccionamiento Bugambilias, Zapopan",Paseo del Carnero,"Terreno en Venta, Fraccionamiento Bugambilias, Zapopan","Terreno de oportunidad dentro del fraccionamiento Bugambilias 2da, con potencial para hacer un gran proyecto habitacional al gusto y a las necesidades del cliente. Superficie: Terreno: 452. 10 m2. Frente y Largo: 15x30. detalles generales del desarrollo: ""Bugambilias"" es un fraccionamiento residencial familiar que goza de una ubicación privilegiada al tener cercanía con importantes vías de acceso así como a centros de estudio y plazas comerciales. Seguridad, tranquilidad y ubicación sin duda son cualidades con las que se puede describir a ""Bugambilias"". Ubicación &amp; zonas aledañas: Sobre avenida López Mateos. Encontramos zonas comerciales, hospitales, escuelas a pocos minutos de distancia. ¡listo para escriturar! Seguridad 24/7 con acceso controlado y cámaras de vigilancia. EasyBroker id: eb-ke7165"
 411 m² ,"MN 3,495,000","Fraccionamiento Bugambilias, Zapopan",Paseo del Carnero,"Terreno en Venta, Fraccionamiento Bugambilias, Zapopan","Terreno de oportunidad dentro del fraccionamiento Bugambilias 2da, con potencial para hacer un gran proyecto habitacional al gusto y a las necesidades del cliente. Superficie: Terreno: 411. 35m2. Frente: 12 m. Largo 30 m. detalles generales del desarrollo: ""Bugambilias"" es un fraccionamiento residencial familiar que goza de una ubicación privilegiada al tener cercanía con importantes vías de acceso así como a centros de estudio y plazas comerciales. Seguridad, tranquilidad y ubicación sin duda son cualidades con las que se puede describir a ""Bugambilias"". Ubicación Y zonas aledañas: Sobre avenida López Mateos. Encontramos zonas comerciales, hospitales, escuelas a pocos minutos de distancia. ¡listo para escriturar! Seguridad 24/7 con acceso controlado y cámaras de vigilancia. EasyBroker id: eb-ke7104"
 360 m² ,"MN 3,924,000","Fraccionamiento Bugambilias, Zapopan",Av Lomas de Bugambilias,Terreno Residencial en Coto Bugambilias 2da Seccion Lince Residencial,"Terreno Residencial con Vista Panorámica. 360m2. 12m x 30m. Ubicado en Bugambilias 2da Sección Coto Privado ""Lince Residencial"" Orientación ""norte"" Único terreno disponible. Coto consolidado seguro y tranquilo, excelente seguridad y cuidado de sus áreas comunes. Buen Mantenimiento y mejoras constantes. -Coto Privado. -Acceso Controlado. -Muro Perimetral. -Áreas Verdes. -Cerca de Plaza Panorámica. -Servicios Ocultos. -Calles Concreto Hidráulico. listo para escriturar. crédito O contado. contactame para enviarte mas información"
 333 m²  1 m² ,"MN 3,180,000","Fraccionamiento Bugambilias, Zapopan",,Oportunidad Terreno en Venta en Bugambilias,"Lote nicté lote 2 condominio tegtir. paseo del puma 3069. ciudad bugambilias 2da sección. zapopan, jal. Terreno 333. 87 m2. 34. 06 m X 10. 0 m"
 278 m² ,"MN 2,780,000","Fraccionamiento Bugambilias, Zapopan",VILLA JUAREZ # 1695 LA AVELLANA ZAPOPAN JALISCO,Terreno en Calle Villa Juarez # 1695 Cerca Nded Bugamvilias,"Terreno de 278 M2 en calle villa juarez # 1695 fraccionamiento la avellana junto A los condominios la avellana, abedul, villa tules, las yucas, las limas Y el edificio uria, cerca de bugamvilias. Cuenta con un gran uso de suelo mb-4 mixto barrial, cos 0. 8, cus 2. 4, Y cus + 2. 8 se puede construir locales comerciales Y departamentos, 4 niveles Y sotano, precio por M2 $10, 000. 00 completamente urbanizado Y consolidado en zona de viviendas de calidad trato directo 3Ver datos"
 495 m² ,"MN 4,699,000","Fraccionamiento Bugambilias, Zapopan",Av. Del Búfalo 418,Terreno en Condominio Bugambilias Segunda Sección,"Terreno en esquina en desnivel en condominio privado, arbolado, con área común, único en su tipo, en condominio, privado y con acceso controlado. Ideal para desplantar una magnífica residencia de lujo con lindas vistas a arboledas en un ambiente, tranquilo y apartado en la naturaleza, al mismo tiempo cerca de centros comerciales, facilidad de acceso, con urbanización de primera. Cerca de colegios, plazas comerciales, de conveniencia y mas con todos los servicios. "
 699 m² ,"MN 5,100,000","Fraccionamiento Bugambilias, Zapopan",Bosques de bugambilias,Terreno en Venta Bugambilias 2da Sección,"Excelente terreno en Bosques de Bugambilias! 699. 72 m2. Espectacular oportunidad de terreno con proyecto arquitectónico dentro de coto exclusivo con caseta privada, terreno ubicado en Bosques de Bugambilias (2da sección de Bugambilias). En desnivel en condominio privado, arbolado, con área común, único en su tipo, Con caseta de vigilancia 24 hrs y con acceso controlado. Ideal para desplantar una magnífica residencia de lujo con lindas vistas a arboledas en un ambiente, tranquilo y apartado en la naturaleza, al mismo tiempo cerca de centros comerciales, facilidad de acceso, con urbanización de primera. Cerca de colegios, plazas comerciales, de conveniencia y mas con todos los servicios. Se encuentra rodeado de árboles y jardín considerado como donación, tiene declive el terreno, cuenta con relleno existente. Superficie: 699. 72 m2. precio por M: $7, 288. 6 pesos. ¡listo para escriturar!. Wig: pGeI4zh"
 454 m² ,"MN 5,700,000","Fraccionamiento Bugambilias, Zapopan","Av. Azaleas, Coto La Joya","Terreno en Venta, Bugambilias, Coto La Joya","Terreno ubicado dentro de Bugambilias en un fraccionamiento junto a Azaleas. Descripción de la colonia: Se encuentra en Coto La Joya Bugambilias, en calle. privada y esquina. Cuenta con un amplio frente y con. poca colindancia con vecinos. El fraccionamiento cuenta con casa club con alberca, una terraza de usos multiples, seguridad las 24 horas y. es bastante tranquilo (110 casas) Servicios cercanos: Centro comercial, hospitales, es- cuelas, entre otras. *lista para escriturar*. EasyBroker id: eb-ln8852"
 341 m² ,"MN 3,180,000","Fraccionamiento Bugambilias, Zapopan",Paseo del puma 3098 en bugambilias ,Se Vende Terreno en Bugambilias,"Excelente terreno en la segunda sección de Bugambilias, en el coto Tegtir en un coto de 21 unidades, caseta de seguridad y acceso controlado a 3 minutos de la plaza panorámica. E s de 341 metros de terreno, 10 de frente por 33 de fondo. Precio por metro $9, 325 en $3, 180, 000"
 1247 m² ,"MN 8,500,000","Fraccionamiento Bugambilias, Zapopan",,Terreno en Venta en Bugambilias en Condominio Tegir.,"Terreno en venta en Bugambilias en condominio Tegir. Increíble terreno en condominio, el condominio se encuentra en obra gris ya que están construyendo. En construcción cajones de estacionamiento para visitas y terraza. Caseta con seguridad 24/7. Único terreno disponible en ese condominio. No pierdas la oportunidad de vivir en un lugar tan privilegiado como este. El terreno tiene una muy buena ubicación este/oeste, listo para escriturarse y construir tu patrimonio. EasyBroker id: eb-jt5458"
 563 m² ,"MN 5,250,000","Fraccionamiento Bugambilias, Zapopan",PASEO DEL PUMA 3056,Terreno en Venta Fracc. Bugambilias,"Espectacular oportunidad de proyecto arquitectónico en coto excusivo de sólo 25 casas, con seguridad en Bugambillias segunda sección. Disfruta de la armonía y del aire fresco del bosque en tu hogar. A sólo 3 minutos de la plaza Panorámica. * la información, el precio Y la disponibilidad, pueden cambiar en cualquier momento, sin previo aviso. Wig: poupzhr"
 400 m² ,"MN 3,600,000","Fraccionamiento Bugambilias, Zapopan",Del Reno Poniente #villas 6 - 19 esq. con Entre: Búfalo y Calle Ardilla.,"Terreno en Venta en Bugambilias, Segunda Seccion, Zapopan Jalisco.","Excelente terreno en condominio, calle privada Con acceso controlado. El terreno cuenta con 400. 00 de Superficie, 20. 00 Frente, 20. 00 Fondo, con uso de suelo Habitacional. Terreno plano en esquina, con todos los servicios de la zona: Agua. Alumbrado. Drenaje. Recolec. Basura. Transporte. Mantenimiento 500 mensuales. Atractivos inmuebles para invetir o vivir en triple ""w"" mtinmobiliario punto com"
 580 m² ,"MN 4,350,000","Fraccionamiento Bugambilias, Zapopan",Remanso del Coati,Terreno Venta Bugambilias 2a Seccion con Vista a La Ciudad,"Terreno a la venta en Bugambilias segunda sección, en esquina con vistas a la ciudad, lotes vecinos ya construidos, en pendiente para un hermoso proyecto de casa, con todos los servicios a la mano dentro del mismo Fraccionamiento así como los Colegios Alpes y Cumbres, a pocos minutos de punto Sur y Galerias Santa Anita, contactanos wsp Ver datos para mas información y citas. Precio y disponibilidad sujetos a cambio sin previo aviso. "
 315 m² ,"MN 3,600,000","Fraccionamiento Bugambilias, Zapopan",Privada Paseo Del Iris,"Terreno en Venta en Bugambilias, Zapopan, Jalisco","1. Terreno en venta en Bugambilias, Zapopan. 2. Ubicado en la primera sección, Callejón del Iris - Plaza Bugambilias a 3 min al entrar a Ciudad Bugambilias -Parroquia de Nuestra Señora de Bugambilias. -Instituto Alpes a 3 min. - Plaza Punto Sur a 10 km -Plaza Galerías Santa Anita a 12 km -La Gourmetería a 7 km -Cuenta con 4 salidas para zmg (2 a López Mateos y 2 para Santa Ana Tepatitlan) -une Tlajomulco a 10 min -Supermercados a 14 min -Home Depot a 13 min -Hospital Puerta de Hierro a 13 min -Natural Adventura Fun Park a 12 min -Hoteles a 14 min. 3. Terreno de 315. 98 m2 irregular dentro de fraccionamiento. EasyBroker id: eb-kr6415"
 406 m² ,"MN 3,800,000","Fraccionamiento Bugambilias, Zapopan",,Terreno en Venta en Bugambilias 2 Sección,"Terreno muy bien ubicado. 406 mts 2. Lote 26. $ 9, 360 x metro. En condominio privado, arbolado, con área común, y con acceso controlado. Ideal para construir la casa de tus sueños en un ambiente, tranquilo y contactado con la naturaleza, Tienes cerca centros comerciales, facilidad de acceso, con urbanización de primera. "
 398 m² ,"MN 3,986,200","Fraccionamiento Bugambilias, Zapopan","Paseo del Puma , Fraccionamiento Bugambilias, Zapopan","Terreno en Venta en Bugambilias, Zapopan","Vive en este hermoso terreno en Bugambilias dentro de coto, construye una increíble casa con acabados de lujo, muy alta seguridad y espacios diseñados para que tú y tu familia gocen al máximo. Este bellísimo terreno en venta en Bugambilias, tiene unas medidas perfectas para tu proyecto de vida así como una excelente vista a cañada propia Es un terreno firme y con pendientes exactas para la mejor residencia del fraccionamiento. Te recomendamos construir una casa en este terreno que tenga unos inmensos vestidores de ultra lujo con espacios diseñados para guardar todos tus accesorios, calzado, ropa y con un vanity para guardar joyería inspirado en boutiques de lujo. Vive tus mejores momentos en una hermosa y lujosa cocina de piso a techo diseñada para gozar con familia y amigos, materiales de muy alta calidad, equipada con cierre lento, apertura con un toque y cierre silencioso en todos los espacios. Ve el video y descubre lo increíbles que quedan las casas que Rebora diseña y construye. Transforma tu manera de vivir y disfrutar, una inmensa área abierta en planta baja sin columnas ni muros. Una enorme sala y un área de comedor para 12 personas que te permiten disfrutar al máximo tu área social, toda la residencia cuenta con plafones perimetrales de ultra lujo que iluminan las áreas en modos cálidos o frescos. Un ingreso apantallante de doble altura (6 mts) que genera asombro y destaca en todo el fraccionamiento, con acabados de 0 mantenimiento y alta calidad. Habitación en planta baja totalmente equipada con baño y vestidor. Pregunta a nuestros asesores por la sesión de fotos, el recorrido virtual y más información de esta hermosa casa en venta en Bugambilias. Todas las áreas de la casa están diseñadas con espacios muy amplios, cómodos y de lujo que invitan a disfrutar y gozar al máximo con tus seres queridos. Alturas de 3. 20 de piso a techo, que da excelente iluminación y ventilación. Muros de yeso premium en toda la casa, zoclos al ras de muro, hermosa carpintería de lujo con puertas de piso a techo y preciosos pisos de gran formato que son sensoriales al tacto y hermosos a la vista. Baños de lujo con wcs europeos empotrados en muro, espejos flotados con iluminación led, doble regadera de torre con hidromasaje y en el baño principal, una tina de lujo para dos personas y doble lavabo. En planta alta, una preciosa sala de estar equipada con closet de blancos, librero, área de trabajo y un espacio para limpieza y aseo. 3 lujosas y enormes habitaciones con baño y vestidor de ultra lujo. Disfruta de una increíble terraza de 4 x 10 y vista a cañada que invita a la unión familiar y de amigos, muy fresca y equipada con una cocina de lujo, asador argentino, Iluminación led y cómodas bancas. Instalaciones ocultas de aire acondicionado, sonido premium oculto en plafón, calentador solar, paneles solares y sistema de riego automático en todas las áreas verdes. Visita nuestro sitio web de Rebora arquitectos y descubre todas nuestras casas y terrenos en venta. "
 720 m² ,"MN 5,980,000","Fraccionamiento Bugambilias, Zapopan",Av. Paseo del Carnero,"Terreno en Venta en Bugambilias, Zapopan","Comparte tus mejores momentos en este hermoso terreno en venta en Bugambilias. ¿Hay algo mejor que vivir en un terreno en donde Tú y Tu familia se sientan seguros y que además disfruten y gocen cada área? Diseña y construye una increíble casa en este terreno en venta. Ve el recorrido virtual y recorre la casa como si estuvieras en ella. En este terreno puedes construir una casa increíble con un enorme y hermoso vestidor, con acabados de ultra lujo que hacen ver tu ropa como si estuviera en una boutique de lujo. Además, tiene espacio para todo tu calzado, bolsas y accesorios. Disfruta a tu familia y a todos tus invitados en esta increíble cocina con acabado moderno, elegante y de buen gusto. Ésta cocina tiene materiales de la mejor calidad, y por si fuera poco, puedes escoger la piedra qué más te guste. (cuarzo, mármol, granito). Pregunta a nuestros asesores por la sesión de fotos, el recorrido virtual y más información de este hermoso terreno en venta en Bugambilias. Sabemos que la cocina es un punto de reunión, tanto para tu familia como para todos tus invitados, por eso, su gran amplitud está diseñada para brindar confort y placer para todos. Cuenta con un diseño eficiente, en dónde todas las áreas son muy amplias y bien ventiladas. Una casa bien diseñada debe garantizar el goce y disfrute de todas las áreas para cada integrante de tu familia. Ve el video y descubre lo increíbles que quedan las casas que Rebora diseña y construye. ¿Y la seguridad? Cimentación hecha con concreto y acero (tan fuerte como un edificio). Ventanería de ultra lujo línea Eurovent (herméticas, seguras, grandes). Pastillas fallo Tierra (adiós a los toques eléctricos, protege a toda tu familia). Instalación oculta para cámaras y sistemas de grabación. Pregunta a nuestros asesores por la sesión de fotos y el recorrido virtual de este hermoso terreno en venta en Bugambilias. ¿Qué más debe tener una casa que sea eficiente, que se disfrute y que sea inteligente? Sistema de cierre lento en todas las puertas de vestidores, cocina y muebles de baños. Grandes puertas de piso a techo en todos los interiores. Amplitud (altura mínima de 3 metros en toda la residencia. Plafonería de ultra lujo en todos los techos de la residencia, con luz led indirecta. Regaderas de torre con función relajante. Monomandos inteligentes (evitan la suciedad en los lavabos). Cristales templados de 9 mm en domos, escaleras y regaderas. Brindan seguridad. Instalación oculta para sonido. Instalación oculta para aires acondicionados. Acabado de Yeso de ultra lujo en todas las paredes. Piso rectificado en toda tu casa. Zoclo de piso dentro del muro, más limpio y más estético. Las casas que has visto, O que has buscado ¿Tienen todo esto? Llama para más información sobre todas nuestras casas y terrenos en venta. "
 440 m² ,"MN 3,300,000","Fraccionamiento Bugambilias, Zapopan",Callejon del Iris,Terreno en Venta en Bugambilias Zapopan Jalisco,"Oportunidad terreno en bugambilias Adquiere tu terreno en una zona de gran plusvalíaultimo Terreno en Condominio Cristal, ubicado por Paseo del Iris en Bugambilias, excelente ubicación en una buena zona de la ciudad. Ideal para realizar proyecto de residencia. Se puede hacer un diseño de casa con vista a Bugambilias. Medidas: - 440 m2 de terreno. - 16. 90 m. De frente. - 26 m. De fondo. Uso de suelo: Habitacional. "
 450 m² ,"MN 5,300,000","Fraccionamiento Bugambilias, Zapopan",,"Terreno en Venta, Bugambilias","Terreno en venta en Bugambilias Plano y de forma regular con 450 mt2 de superficie, 15 mts frente por 30 mt2 Fondo, ubicado sobre avenida principal y fácil acceso. Servicios básicos de agua, Luz, drenaje, etc. Escuelas cercanas, Centros comerciales, restaurantes, tranquilo para vivir. Aproveche opotrunidad de precio. "
 1290 m² ,"MN 5,700,000","Fraccionamiento Bugambilias, Zapopan",,"Terreno en Venta, Bugambilias 2da Secc, Zapopan, Jalisco","La propiedad perfecta en la mejor zona de Bugambilias, con ubicación privilegiada, hermosa vista panorámica y seguridad para tu familia a un excelente precio. Cuenta con los servicios disponibles como agua, drenaje, luz. El terreno se encuentra libre de gravamen y está listo para escriturarse. Miguel Barrón"
